﻿<?xml version="1.0" encoding="utf-8"?>
<abapGit version="v1.0.0" serializer="LCL_OBJECT_CLAS" serializer_version="v1.0.0">
 <asx:abap xmlns:asx="http://www.sap.com/abapxml" version="1.0">
  <asx:values>
   <VSEOCLASS>
    <CLSNAME>ZCL_CHAT</CLSNAME>
    <LANGU>3</LANGU>
    <DESCRIPT>ZCL_CHAT</DESCRIPT>
    <CATEGORY>45</CATEGORY>
    <STATE>1</STATE>
    <CLSCCINCL>X</CLSCCINCL>
    <FIXPT>X</FIXPT>
    <UNICODE>X</UNICODE>
    <RSTAT>S</RSTAT>
   </VSEOCLASS>
   <DESCRIPTIONS>
    <SEOCOMPOTX>
     <CMPNAME>AREA_NAME</CMPNAME>
     <LANGU>3</LANGU>
     <DESCRIPT>Name of an Area Class</DESCRIPT>
    </SEOCOMPOTX>
    <SEOCOMPOTX>
     <CMPNAME>ATTACH_FOR_READ</CMPNAME>
     <LANGU>3</LANGU>
     <DESCRIPT>Request a Read Lock</DESCRIPT>
    </SEOCOMPOTX>
    <SEOCOMPOTX>
     <CMPNAME>ATTACH_FOR_UPDATE</CMPNAME>
     <LANGU>3</LANGU>
     <DESCRIPT>Request a Change Lock</DESCRIPT>
    </SEOCOMPOTX>
    <SEOCOMPOTX>
     <CMPNAME>ATTACH_FOR_WRITE</CMPNAME>
     <LANGU>3</LANGU>
     <DESCRIPT>Request a Write Lock</DESCRIPT>
    </SEOCOMPOTX>
    <SEOCOMPOTX>
     <CMPNAME>BUILD</CMPNAME>
     <LANGU>3</LANGU>
     <DESCRIPT>Direct Call of Area Constructor</DESCRIPT>
    </SEOCOMPOTX>
    <SEOCOMPOTX>
     <CMPNAME>CLASS_CONSTRUCTOR</CMPNAME>
     <LANGU>3</LANGU>
     <DESCRIPT>CLASS_CONSTRUCTOR</DESCRIPT>
    </SEOCOMPOTX>
    <SEOCOMPOTX>
     <CMPNAME>DETACH_AREA</CMPNAME>
     <LANGU>3</LANGU>
     <DESCRIPT>Release all locks on all instances</DESCRIPT>
    </SEOCOMPOTX>
    <SEOCOMPOTX>
     <CMPNAME>FREE_AREA</CMPNAME>
     <LANGU>3</LANGU>
     <DESCRIPT>Delete all instances</DESCRIPT>
    </SEOCOMPOTX>
    <SEOCOMPOTX>
     <CMPNAME>FREE_INSTANCE</CMPNAME>
     <LANGU>3</LANGU>
     <DESCRIPT>Deletion of an Instance</DESCRIPT>
    </SEOCOMPOTX>
    <SEOCOMPOTX>
     <CMPNAME>GET_GENERATOR_VERSION</CMPNAME>
     <LANGU>3</LANGU>
     <DESCRIPT>Query Generator Version</DESCRIPT>
    </SEOCOMPOTX>
    <SEOCOMPOTX>
     <CMPNAME>GET_INSTANCE_INFOS</CMPNAME>
     <LANGU>3</LANGU>
     <DESCRIPT>Returns the names of all instances</DESCRIPT>
    </SEOCOMPOTX>
    <SEOCOMPOTX>
     <CMPNAME>INVALIDATE_AREA</CMPNAME>
     <LANGU>3</LANGU>
     <DESCRIPT>Active versions of all instances will be set to obsolete</DESCRIPT>
    </SEOCOMPOTX>
    <SEOCOMPOTX>
     <CMPNAME>INVALIDATE_INSTANCE</CMPNAME>
     <LANGU>3</LANGU>
     <DESCRIPT>Active version of one instance will be set to obsolete</DESCRIPT>
    </SEOCOMPOTX>
    <SEOCOMPOTX>
     <CMPNAME>ROOT</CMPNAME>
     <LANGU>3</LANGU>
     <DESCRIPT>SHM: Model of a Data Class</DESCRIPT>
    </SEOCOMPOTX>
    <SEOCOMPOTX>
     <CMPNAME>SET_ROOT</CMPNAME>
     <LANGU>3</LANGU>
     <DESCRIPT>Sets Root Objects</DESCRIPT>
    </SEOCOMPOTX>
    <SEOCOMPOTX>
     <CMPNAME>_LIFE_CONTEXT</CMPNAME>
     <LANGU>3</LANGU>
     <DESCRIPT>Lifetime of an Area (Constants in CL_SHM_AREA)</DESCRIPT>
    </SEOCOMPOTX>
    <SEOCOMPOTX>
     <CMPNAME>_TRACE_ACTIVE</CMPNAME>
     <LANGU>3</LANGU>
     <DESCRIPT>(Internal) Flag: Trace Active?</DESCRIPT>
    </SEOCOMPOTX>
    <SEOCOMPOTX>
     <CMPNAME>_TRACE_SERVICE</CMPNAME>
     <LANGU>3</LANGU>
     <DESCRIPT>(Internal) Reference to Trace Class</DESCRIPT>
    </SEOCOMPOTX>
    <SEOCOMPOTX>
     <CMPNAME>_VERSION_</CMPNAME>
     <LANGU>3</LANGU>
     <DESCRIPT>(internal)</DESCRIPT>
    </SEOCOMPOTX>
   </DESCRIPTIONS>
   <DESCRIPTIONS_SUB>
    <SEOSUBCOTX>
     <CMPNAME>ATTACH_FOR_READ</CMPNAME>
     <SCONAME>CX_SHM_CHANGE_LOCK_ACTIVE</SCONAME>
     <LANGU>3</LANGU>
     <DESCRIPT>A Change Lock Is Already Active</DESCRIPT>
    </SEOSUBCOTX>
    <SEOSUBCOTX>
     <CMPNAME>ATTACH_FOR_READ</CMPNAME>
     <SCONAME>CX_SHM_EXCLUSIVE_LOCK_ACTIVE</SCONAME>
     <LANGU>3</LANGU>
     <DESCRIPT>Instance Already Locked</DESCRIPT>
    </SEOSUBCOTX>
    <SEOSUBCOTX>
     <CMPNAME>ATTACH_FOR_READ</CMPNAME>
     <SCONAME>CX_SHM_INCONSISTENT</SCONAME>
     <LANGU>3</LANGU>
     <DESCRIPT>Different Definitions Between Program and Area</DESCRIPT>
    </SEOSUBCOTX>
    <SEOSUBCOTX>
     <CMPNAME>ATTACH_FOR_READ</CMPNAME>
     <SCONAME>CX_SHM_NO_ACTIVE_VERSION</SCONAME>
     <LANGU>3</LANGU>
     <DESCRIPT>No active version exists for an attach</DESCRIPT>
    </SEOSUBCOTX>
    <SEOSUBCOTX>
     <CMPNAME>ATTACH_FOR_READ</CMPNAME>
     <SCONAME>CX_SHM_PARAMETER_ERROR</SCONAME>
     <LANGU>3</LANGU>
     <DESCRIPT>Incorrect parameter passed</DESCRIPT>
    </SEOSUBCOTX>
    <SEOSUBCOTX>
     <CMPNAME>ATTACH_FOR_READ</CMPNAME>
     <SCONAME>CX_SHM_READ_LOCK_ACTIVE</SCONAME>
     <LANGU>3</LANGU>
     <DESCRIPT>Request for a Second Read Lock</DESCRIPT>
    </SEOSUBCOTX>
    <SEOSUBCOTX>
     <CMPNAME>ATTACH_FOR_READ</CMPNAME>
     <SCONAME>HANDLE</SCONAME>
     <LANGU>3</LANGU>
     <DESCRIPT>SHM: Model of an Area Class</DESCRIPT>
    </SEOSUBCOTX>
    <SEOSUBCOTX>
     <CMPNAME>ATTACH_FOR_READ</CMPNAME>
     <SCONAME>INST_NAME</SCONAME>
     <LANGU>3</LANGU>
     <DESCRIPT>Name of a Shared Object Instance of an Area</DESCRIPT>
    </SEOSUBCOTX>
    <SEOSUBCOTX>
     <CMPNAME>ATTACH_FOR_UPDATE</CMPNAME>
     <SCONAME>ATTACH_MODE</SCONAME>
     <LANGU>3</LANGU>
     <DESCRIPT>Mode of ATTACH (Constants in CL_SHM_AREA)</DESCRIPT>
    </SEOSUBCOTX>
    <SEOSUBCOTX>
     <CMPNAME>ATTACH_FOR_UPDATE</CMPNAME>
     <SCONAME>CX_SHM_CHANGE_LOCK_ACTIVE</SCONAME>
     <LANGU>3</LANGU>
     <DESCRIPT>A write lock is already active</DESCRIPT>
    </SEOSUBCOTX>
    <SEOSUBCOTX>
     <CMPNAME>ATTACH_FOR_UPDATE</CMPNAME>
     <SCONAME>CX_SHM_EXCLUSIVE_LOCK_ACTIVE</SCONAME>
     <LANGU>3</LANGU>
     <DESCRIPT>Instance Already Locked</DESCRIPT>
    </SEOSUBCOTX>
    <SEOSUBCOTX>
     <CMPNAME>ATTACH_FOR_UPDATE</CMPNAME>
     <SCONAME>CX_SHM_INCONSISTENT</SCONAME>
     <LANGU>3</LANGU>
     <DESCRIPT>Different Definitions Between Program and Area</DESCRIPT>
    </SEOSUBCOTX>
    <SEOSUBCOTX>
     <CMPNAME>ATTACH_FOR_UPDATE</CMPNAME>
     <SCONAME>CX_SHM_NO_ACTIVE_VERSION</SCONAME>
     <LANGU>3</LANGU>
     <DESCRIPT>No active version exists for an attach</DESCRIPT>
    </SEOSUBCOTX>
    <SEOSUBCOTX>
     <CMPNAME>ATTACH_FOR_UPDATE</CMPNAME>
     <SCONAME>CX_SHM_PARAMETER_ERROR</SCONAME>
     <LANGU>3</LANGU>
     <DESCRIPT>Passed parameter has incorrect value</DESCRIPT>
    </SEOSUBCOTX>
    <SEOSUBCOTX>
     <CMPNAME>ATTACH_FOR_UPDATE</CMPNAME>
     <SCONAME>CX_SHM_PENDING_LOCK_REMOVED</SCONAME>
     <LANGU>3</LANGU>
     <DESCRIPT>Shared Objects: Waiting Lock Was Deleted</DESCRIPT>
    </SEOSUBCOTX>
    <SEOSUBCOTX>
     <CMPNAME>ATTACH_FOR_UPDATE</CMPNAME>
     <SCONAME>CX_SHM_VERSION_LIMIT_EXCEEDED</SCONAME>
     <LANGU>3</LANGU>
     <DESCRIPT>No Additional Versions Available</DESCRIPT>
    </SEOSUBCOTX>
    <SEOSUBCOTX>
     <CMPNAME>ATTACH_FOR_UPDATE</CMPNAME>
     <SCONAME>HANDLE</SCONAME>
     <LANGU>3</LANGU>
     <DESCRIPT>SHM: Model of an Area Class</DESCRIPT>
    </SEOSUBCOTX>
    <SEOSUBCOTX>
     <CMPNAME>ATTACH_FOR_UPDATE</CMPNAME>
     <SCONAME>INST_NAME</SCONAME>
     <LANGU>3</LANGU>
     <DESCRIPT>Name of a Shared Object Instance of an Area</DESCRIPT>
    </SEOSUBCOTX>
    <SEOSUBCOTX>
     <CMPNAME>ATTACH_FOR_UPDATE</CMPNAME>
     <SCONAME>WAIT_TIME</SCONAME>
     <LANGU>3</LANGU>
     <DESCRIPT>Maximum Wait Time (in Milliseconds)</DESCRIPT>
    </SEOSUBCOTX>
    <SEOSUBCOTX>
     <CMPNAME>ATTACH_FOR_WRITE</CMPNAME>
     <SCONAME>ATTACH_MODE</SCONAME>
     <LANGU>3</LANGU>
     <DESCRIPT>Mode of ATTACH (Constants in CL_SHM_AREA)</DESCRIPT>
    </SEOSUBCOTX>
    <SEOSUBCOTX>
     <CMPNAME>ATTACH_FOR_WRITE</CMPNAME>
     <SCONAME>CX_SHM_CHANGE_LOCK_ACTIVE</SCONAME>
     <LANGU>3</LANGU>
     <DESCRIPT>A write lock is already active</DESCRIPT>
    </SEOSUBCOTX>
    <SEOSUBCOTX>
     <CMPNAME>ATTACH_FOR_WRITE</CMPNAME>
     <SCONAME>CX_SHM_EXCLUSIVE_LOCK_ACTIVE</SCONAME>
     <LANGU>3</LANGU>
     <DESCRIPT>Instance Already Locked</DESCRIPT>
    </SEOSUBCOTX>
    <SEOSUBCOTX>
     <CMPNAME>ATTACH_FOR_WRITE</CMPNAME>
     <SCONAME>CX_SHM_PARAMETER_ERROR</SCONAME>
     <LANGU>3</LANGU>
     <DESCRIPT>Passed parameter has incorrect value</DESCRIPT>
    </SEOSUBCOTX>
    <SEOSUBCOTX>
     <CMPNAME>ATTACH_FOR_WRITE</CMPNAME>
     <SCONAME>CX_SHM_PENDING_LOCK_REMOVED</SCONAME>
     <LANGU>3</LANGU>
     <DESCRIPT>Shared Objects: Waiting Lock Was Deleted</DESCRIPT>
    </SEOSUBCOTX>
    <SEOSUBCOTX>
     <CMPNAME>ATTACH_FOR_WRITE</CMPNAME>
     <SCONAME>CX_SHM_VERSION_LIMIT_EXCEEDED</SCONAME>
     <LANGU>3</LANGU>
     <DESCRIPT>No Additional Versions Available</DESCRIPT>
    </SEOSUBCOTX>
    <SEOSUBCOTX>
     <CMPNAME>ATTACH_FOR_WRITE</CMPNAME>
     <SCONAME>HANDLE</SCONAME>
     <LANGU>3</LANGU>
     <DESCRIPT>SHM: Model of an Area Class</DESCRIPT>
    </SEOSUBCOTX>
    <SEOSUBCOTX>
     <CMPNAME>ATTACH_FOR_WRITE</CMPNAME>
     <SCONAME>INST_NAME</SCONAME>
     <LANGU>3</LANGU>
     <DESCRIPT>Name of a Shared Object Instance of an Area</DESCRIPT>
    </SEOSUBCOTX>
    <SEOSUBCOTX>
     <CMPNAME>ATTACH_FOR_WRITE</CMPNAME>
     <SCONAME>WAIT_TIME</SCONAME>
     <LANGU>3</LANGU>
     <DESCRIPT>Maximum Wait Time (in Milliseconds)</DESCRIPT>
    </SEOSUBCOTX>
    <SEOSUBCOTX>
     <CMPNAME>BUILD</CMPNAME>
     <SCONAME>CX_SHMA_INCONSISTENT</SCONAME>
     <LANGU>3</LANGU>
     <DESCRIPT>SHM Administration: Inconsistent Attribute Combination</DESCRIPT>
    </SEOSUBCOTX>
    <SEOSUBCOTX>
     <CMPNAME>BUILD</CMPNAME>
     <SCONAME>CX_SHMA_NOT_CONFIGURED</SCONAME>
     <LANGU>3</LANGU>
     <DESCRIPT>SHM Administration: Area Property Is Not Configured</DESCRIPT>
    </SEOSUBCOTX>
    <SEOSUBCOTX>
     <CMPNAME>BUILD</CMPNAME>
     <SCONAME>CX_SHM_BUILD_FAILED</SCONAME>
     <LANGU>3</LANGU>
     <DESCRIPT>Constructor Run Failed</DESCRIPT>
    </SEOSUBCOTX>
    <SEOSUBCOTX>
     <CMPNAME>BUILD</CMPNAME>
     <SCONAME>INST_NAME</SCONAME>
     <LANGU>3</LANGU>
     <DESCRIPT>Name of a Shared Object Instance of an Area</DESCRIPT>
    </SEOSUBCOTX>
    <SEOSUBCOTX>
     <CMPNAME>DETACH_AREA</CMPNAME>
     <SCONAME>RC</SCONAME>
     <LANGU>3</LANGU>
     <DESCRIPT>Detach Return Value (Constants in CL_SHM_AREA)</DESCRIPT>
    </SEOSUBCOTX>
    <SEOSUBCOTX>
     <CMPNAME>FREE_AREA</CMPNAME>
     <SCONAME>AFFECT_SERVER</SCONAME>
     <LANGU>3</LANGU>
     <DESCRIPT>Servers on which the area is deleted or invalidated</DESCRIPT>
    </SEOSUBCOTX>
    <SEOSUBCOTX>
     <CMPNAME>FREE_AREA</CMPNAME>
     <SCONAME>CX_SHM_PARAMETER_ERROR</SCONAME>
     <LANGU>3</LANGU>
     <DESCRIPT>Incorrect parameter passed</DESCRIPT>
    </SEOSUBCOTX>
    <SEOSUBCOTX>
     <CMPNAME>FREE_AREA</CMPNAME>
     <SCONAME>RC</SCONAME>
     <LANGU>3</LANGU>
     <DESCRIPT>Return Value (Constants in CL_SHM_AREA)</DESCRIPT>
    </SEOSUBCOTX>
    <SEOSUBCOTX>
     <CMPNAME>FREE_AREA</CMPNAME>
     <SCONAME>TERMINATE_CHANGER</SCONAME>
     <LANGU>3</LANGU>
     <DESCRIPT>Writing processes will be ended</DESCRIPT>
    </SEOSUBCOTX>
    <SEOSUBCOTX>
     <CMPNAME>FREE_INSTANCE</CMPNAME>
     <SCONAME>AFFECT_SERVER</SCONAME>
     <LANGU>3</LANGU>
     <DESCRIPT>Servers on which the area is deleted or invalidated</DESCRIPT>
    </SEOSUBCOTX>
    <SEOSUBCOTX>
     <CMPNAME>FREE_INSTANCE</CMPNAME>
     <SCONAME>CX_SHM_PARAMETER_ERROR</SCONAME>
     <LANGU>3</LANGU>
     <DESCRIPT>Incorrect parameter passed</DESCRIPT>
    </SEOSUBCOTX>
    <SEOSUBCOTX>
     <CMPNAME>FREE_INSTANCE</CMPNAME>
     <SCONAME>INST_NAME</SCONAME>
     <LANGU>3</LANGU>
     <DESCRIPT>Name of a Shared Object Instance of an Area</DESCRIPT>
    </SEOSUBCOTX>
    <SEOSUBCOTX>
     <CMPNAME>FREE_INSTANCE</CMPNAME>
     <SCONAME>RC</SCONAME>
     <LANGU>3</LANGU>
     <DESCRIPT>Return Value (Constants in CL_SHM_AREA)</DESCRIPT>
    </SEOSUBCOTX>
    <SEOSUBCOTX>
     <CMPNAME>FREE_INSTANCE</CMPNAME>
     <SCONAME>TERMINATE_CHANGER</SCONAME>
     <LANGU>3</LANGU>
     <DESCRIPT>Writing processes will be ended</DESCRIPT>
    </SEOSUBCOTX>
    <SEOSUBCOTX>
     <CMPNAME>GET_INSTANCE_INFOS</CMPNAME>
     <SCONAME>INFOS</SCONAME>
     <LANGU>3</LANGU>
     <DESCRIPT>Overview of all Instances of an SHM Area</DESCRIPT>
    </SEOSUBCOTX>
    <SEOSUBCOTX>
     <CMPNAME>GET_INSTANCE_INFOS</CMPNAME>
     <SCONAME>INST_NAME</SCONAME>
     <LANGU>3</LANGU>
     <DESCRIPT>Name of a Shared Object Instance in an Area</DESCRIPT>
    </SEOSUBCOTX>
    <SEOSUBCOTX>
     <CMPNAME>INVALIDATE_AREA</CMPNAME>
     <SCONAME>AFFECT_SERVER</SCONAME>
     <LANGU>3</LANGU>
     <DESCRIPT>Servers on which the area is deleted or invalidated</DESCRIPT>
    </SEOSUBCOTX>
    <SEOSUBCOTX>
     <CMPNAME>INVALIDATE_AREA</CMPNAME>
     <SCONAME>CX_SHM_PARAMETER_ERROR</SCONAME>
     <LANGU>3</LANGU>
     <DESCRIPT>Incorrect parameter passed</DESCRIPT>
    </SEOSUBCOTX>
    <SEOSUBCOTX>
     <CMPNAME>INVALIDATE_AREA</CMPNAME>
     <SCONAME>RC</SCONAME>
     <LANGU>3</LANGU>
     <DESCRIPT>Detach Return Value (Constants in CL_SHM_AREA)</DESCRIPT>
    </SEOSUBCOTX>
    <SEOSUBCOTX>
     <CMPNAME>INVALIDATE_AREA</CMPNAME>
     <SCONAME>TERMINATE_CHANGER</SCONAME>
     <LANGU>3</LANGU>
     <DESCRIPT>Active writing processes will be ended</DESCRIPT>
    </SEOSUBCOTX>
    <SEOSUBCOTX>
     <CMPNAME>INVALIDATE_INSTANCE</CMPNAME>
     <SCONAME>AFFECT_SERVER</SCONAME>
     <LANGU>3</LANGU>
     <DESCRIPT>Servers on which the area is deleted or invalidated</DESCRIPT>
    </SEOSUBCOTX>
    <SEOSUBCOTX>
     <CMPNAME>INVALIDATE_INSTANCE</CMPNAME>
     <SCONAME>CX_SHM_PARAMETER_ERROR</SCONAME>
     <LANGU>3</LANGU>
     <DESCRIPT>Incorrect parameter passed</DESCRIPT>
    </SEOSUBCOTX>
    <SEOSUBCOTX>
     <CMPNAME>INVALIDATE_INSTANCE</CMPNAME>
     <SCONAME>INST_NAME</SCONAME>
     <LANGU>3</LANGU>
     <DESCRIPT>Name of a Shared Object Instance of an Area</DESCRIPT>
    </SEOSUBCOTX>
    <SEOSUBCOTX>
     <CMPNAME>INVALIDATE_INSTANCE</CMPNAME>
     <SCONAME>RC</SCONAME>
     <LANGU>3</LANGU>
     <DESCRIPT>Detach Return Value (Constants in CL_SHM_AREA)</DESCRIPT>
    </SEOSUBCOTX>
    <SEOSUBCOTX>
     <CMPNAME>INVALIDATE_INSTANCE</CMPNAME>
     <SCONAME>TERMINATE_CHANGER</SCONAME>
     <LANGU>3</LANGU>
     <DESCRIPT>Active writing processes will be ended</DESCRIPT>
    </SEOSUBCOTX>
    <SEOSUBCOTX>
     <CMPNAME>SET_ROOT</CMPNAME>
     <SCONAME>CX_SHM_INITIAL_REFERENCE</SCONAME>
     <LANGU>3</LANGU>
     <DESCRIPT>Initial reference passed</DESCRIPT>
    </SEOSUBCOTX>
    <SEOSUBCOTX>
     <CMPNAME>SET_ROOT</CMPNAME>
     <SCONAME>CX_SHM_WRONG_HANDLE</SCONAME>
     <LANGU>3</LANGU>
     <DESCRIPT>Incorrect Handle</DESCRIPT>
    </SEOSUBCOTX>
    <SEOSUBCOTX>
     <CMPNAME>SET_ROOT</CMPNAME>
     <SCONAME>ROOT</SCONAME>
     <LANGU>3</LANGU>
     <DESCRIPT>Root object</DESCRIPT>
    </SEOSUBCOTX>
   </DESCRIPTIONS_SUB>
  </asx:values>
 </asx:abap>
</abapGit>
