﻿<?xml version="1.0" encoding="utf-8"?>
<abapGit version="v1.0.0" serializer="LCL_OBJECT_CLAS" serializer_version="v1.0.0">
 <asx:abap xmlns:asx="http://www.sap.com/abapxml" version="1.0">
  <asx:values>
   <VSEOCLASS>
    <CLSNAME>ZCL_CHAT_DATA</CLSNAME>
    <LANGU>3</LANGU>
    <DESCRIPT>Chat Shared Data</DESCRIPT>
    <STATE>1</STATE>
    <CLSCCINCL>X</CLSCCINCL>
    <FIXPT>X</FIXPT>
    <UNICODE>X</UNICODE>
    <CLSSHAREDMEMORY>X</CLSSHAREDMEMORY>
   </VSEOCLASS>
   <DESCRIPTIONS>
    <SEOCOMPOTX>
     <CMPNAME>ITAB_CHAT_LOG1</CMPNAME>
     <LANGU>3</LANGU>
     <DESCRIPT>Chat Log</DESCRIPT>
    </SEOCOMPOTX>
    <SEOCOMPOTX>
     <CMPNAME>ITAB_CHAT_LOG2</CMPNAME>
     <LANGU>3</LANGU>
     <DESCRIPT>Chat Log</DESCRIPT>
    </SEOCOMPOTX>
    <SEOCOMPOTX>
     <CMPNAME>ITAB_CHAT_LOG3</CMPNAME>
     <LANGU>3</LANGU>
     <DESCRIPT>Chat Log</DESCRIPT>
    </SEOCOMPOTX>
   </DESCRIPTIONS>
  </asx:values>
 </asx:abap>
</abapGit>
