﻿<?xml version="1.0" encoding="utf-8"?>
<abapGit version="v1.0.0" serializer="LCL_OBJECT_MSAG" serializer_version="v1.0.0">
 <asx:abap xmlns:asx="http://www.sap.com/abapxml" version="1.0">
  <asx:values>
   <T100A>
    <ARBGB>ZMINE</ARBGB>
    <MASTERLANG>3</MASTERLANG>
   </T100A>
   <T100>
    <T100>
     <SPRSL>3</SPRSL>
     <ARBGB>ZMINE</ARBGB>
     <MSGNR>000</MSGNR>
     <TEXT>&amp;</TEXT>
    </T100>
    <T100>
     <SPRSL>3</SPRSL>
     <ARBGB>ZMINE</ARBGB>
     <MSGNR>001</MSGNR>
     <TEXT>| 난이도 : &amp; | 범위 : &amp; | 걸린 시간 : &amp; |</TEXT>
    </T100>
   </T100>
  </asx:values>
 </asx:abap>
</abapGit>
